id,firstname,lastname,email,email2,profession
100,Neila,Moina,Neila.Moina@yopmail.com,Neila.Moina@gmail.com,firefighter
101,Augustine,Cosenza,Augustine.Cosenza@yopmail.com,Augustine.Cosenza@gmail.com,developer
102,Jobi,Colbert,Jobi.Colbert@yopmail.com,Jobi.Colbert@gmail.com,developer
103,Yetty,Chem,Yetty.Chem@yopmail.com,Yetty.Chem@gmail.com,worker
104,Donnie,Himelman,Donnie.Himelman@yopmail.com,Donnie.Himelman@gmail.com,police officer
105,Olwen,Shanley,Olwen.Shanley@yopmail.com,Olwen.Shanley@gmail.com,developer
106,Valli,Merriott,Valli.Merriott@yopmail.com,Valli.Merriott@gmail.com,firefighter
107,Latisha,Olnee,Latisha.Olnee@yopmail.com,Latisha.Olnee@gmail.com,firefighter
108,Steffane,Holtz,Steffane.Holtz@yopmail.com,Steffane.Holtz@gmail.com,police officer
109,Olivette,Frodi,Olivette.Frodi@yopmail.com,Olivette.Frodi@gmail.com,firefighter
110,Katharina,Schalles,Katharina.Schalles@yopmail.com,Katharina.Schalles@gmail.com,developer
111,Jany,Killigrew,Jany.Killigrew@yopmail.com,Jany.Killigrew@gmail.com,worker
112,Rani,Granoff,Rani.Granoff@yopmail.com,Rani.Granoff@gmail.com,police officer
113,Codie,Goldina,Codie.Goldina@yopmail.com,Codie.Goldina@gmail.com,doctor
114,Lynnea,Roumell,Lynnea.Roumell@yopmail.com,Lynnea.Roumell@gmail.com,developer
115,Elbertina,Faso,Elbertina.Faso@yopmail.com,Elbertina.Faso@gmail.com,doctor
116,Albertina,Cath,Albertina.Cath@yopmail.com,Albertina.Cath@gmail.com,worker
117,Vinita,Percy,Vinita.Percy@yopmail.com,Vinita.Percy@gmail.com,developer
118,Kate,Ardra,Kate.Ardra@yopmail.com,Kate.Ardra@gmail.com,doctor
119,Margette,Naor,Margette.Naor@yopmail.com,Margette.Naor@gmail.com,developer
120,Gilligan,Chabot,Gilligan.Chabot@yopmail.com,Gilligan.Chabot@gmail.com,developer
121,Angela,Holbrook,Angela.Holbrook@yopmail.com,Angela.Holbrook@gmail.com,worker
122,Starla,Fry,Starla.Fry@yopmail.com,Starla.Fry@gmail.com,worker
123,Bettine,Eckblad,Bettine.Eckblad@yopmail.com,Bettine.Eckblad@gmail.com,doctor
124,Karena,Fontana,Karena.Fontana@yopmail.com,Karena.Fontana@gmail.com,firefighter
125,Sara-Ann,Manolo,Sara-Ann.Manolo@yopmail.com,Sara-Ann.Manolo@gmail.com,doctor
126,Raina,Grosz,Raina.Grosz@yopmail.com,Raina.Grosz@gmail.com,police officer
127,Penelopa,Telfer,Penelopa.Telfer@yopmail.com,Penelopa.Telfer@gmail.com,worker
128,Christian,Whittaker,Christian.Whittaker@yopmail.com,Christian.Whittaker@gmail.com,firefighter
